[
	{
		"name": "Molly Phelps",
		"phone": "1-443-430-8688",
		"country": "Turkey",
		"postalZip": "958527",
		"numberrange": 1
	},
	{
		"name": "Rylee Barry",
		"phone": "1-223-808-7702",
		"country": "Ireland",
		"postalZip": "53-152",
		"numberrange": 8
	},
	{
		"name": "Steven Fischer",
		"phone": "1-443-351-2556",
		"country": "Costa Rica",
		"postalZip": "374872",
		"numberrange": 3
	},
	{
		"name": "Jolene Skinner",
		"phone": "1-405-353-8678",
		"country": "Spain",
		"postalZip": "93314",
		"numberrange": 8
	},
	{
		"name": "Josiah Kane",
		"phone": "(867) 317-3028",
		"country": "Pakistan",
		"postalZip": "15-446",
		"numberrange": 7
	},
	{
		"name": "Shad Sandoval",
		"phone": "(582) 251-1857",
		"country": "Chile",
		"postalZip": "7383",
		"numberrange": 9
	},
	{
		"name": "Hanna Britt",
		"phone": "(755) 262-9251",
		"country": "Austria",
		"postalZip": "86614-494",
		"numberrange": 2
	},
	{
		"name": "Inez Glass",
		"phone": "(783) 158-0657",
		"country": "Netherlands",
		"postalZip": "40407",
		"numberrange": 2
	},
	{
		"name": "Garth Massey",
		"phone": "(612) 536-0458",
		"country": "France",
		"postalZip": "13562",
		"numberrange": 6
	},
	{
		"name": "Ursa Kinney",
		"phone": "(477) 791-4883",
		"country": "New Zealand",
		"postalZip": "2284",
		"numberrange": 3
	},
	{
		"name": "Harriet Benjamin",
		"phone": "1-160-738-5447",
		"country": "India",
		"postalZip": "8083",
		"numberrange": 6
	},
	{
		"name": "Grady Michael",
		"phone": "1-766-516-7133",
		"country": "Canada",
		"postalZip": "34898",
		"numberrange": 0
	},
	{
		"name": "Riley Lindsey",
		"phone": "(855) 373-6429",
		"country": "Chile",
		"postalZip": "146262",
		"numberrange": 10
	},
	{
		"name": "Lane Trujillo",
		"phone": "1-846-285-4875",
		"country": "Nigeria",
		"postalZip": "22822",
		"numberrange": 0
	},
	{
		"name": "Price Hurst",
		"phone": "(746) 225-5268",
		"country": "Nigeria",
		"postalZip": "62668-825",
		"numberrange": 3
	},
	{
		"name": "Martin Joseph",
		"phone": "(887) 245-1137",
		"country": "Indonesia",
		"postalZip": "554605",
		"numberrange": 4
	},
	{
		"name": "Beau Klein",
		"phone": "1-382-152-7883",
		"country": "Netherlands",
		"postalZip": "45920-73863",
		"numberrange": 7
	},
	{
		"name": "Pascale Bartlett",
		"phone": "1-464-776-8355",
		"country": "Brazil",
		"postalZip": "5660 BZ",
		"numberrange": 9
	},
	{
		"name": "Omar Rodgers",
		"phone": "(690) 886-8627",
		"country": "South Korea",
		"postalZip": "58773",
		"numberrange": 3
	},
	{
		"name": "Tana Graham",
		"phone": "(727) 111-4327",
		"country": "Pakistan",
		"postalZip": "17845",
		"numberrange": 5
	},
	{
		"name": "Noel Rivera",
		"phone": "1-668-647-9433",
		"country": "South Korea",
		"postalZip": "36312",
		"numberrange": 3
	},
	{
		"name": "Xenos Pate",
		"phone": "(651) 441-8871",
		"country": "Vietnam",
		"postalZip": "3425",
		"numberrange": 5
	},
	{
		"name": "Cameron Sutton",
		"phone": "1-145-484-3473",
		"country": "Canada",
		"postalZip": "117715",
		"numberrange": 4
	},
	{
		"name": "Jonah Franks",
		"phone": "1-533-356-5369",
		"country": "Chile",
		"postalZip": "372551",
		"numberrange": 5
	},
	{
		"name": "Moana Fletcher",
		"phone": "1-829-266-6884",
		"country": "Vietnam",
		"postalZip": "7083",
		"numberrange": 7
	},
	{
		"name": "Alden Miller",
		"phone": "(336) 737-6087",
		"country": "Spain",
		"postalZip": "56337",
		"numberrange": 0
	},
	{
		"name": "Vera Atkins",
		"phone": "1-779-567-2533",
		"country": "Germany",
		"postalZip": "2159 UP",
		"numberrange": 8
	},
	{
		"name": "Vincent Joseph",
		"phone": "1-876-723-1352",
		"country": "South Korea",
		"postalZip": "59835",
		"numberrange": 2
	},
	{
		"name": "Lani Nolan",
		"phone": "(584) 518-3160",
		"country": "Peru",
		"postalZip": "542258",
		"numberrange": 5
	},
	{
		"name": "Shellie Glover",
		"phone": "1-895-553-1666",
		"country": "Mexico",
		"postalZip": "58647-325",
		"numberrange": 9
	},
	{
		"name": "Sharon Lester",
		"phone": "1-338-246-8873",
		"country": "Vietnam",
		"postalZip": "527639",
		"numberrange": 4
	},
	{
		"name": "Margaret Farrell",
		"phone": "1-655-513-0010",
		"country": "Poland",
		"postalZip": "731432",
		"numberrange": 4
	},
	{
		"name": "Amaya Oneal",
		"phone": "1-400-772-1822",
		"country": "Vietnam",
		"postalZip": "12382",
		"numberrange": 6
	},
	{
		"name": "Benjamin Armstrong",
		"phone": "(556) 877-3522",
		"country": "Nigeria",
		"postalZip": "22561",
		"numberrange": 4
	},
	{
		"name": "Kevin Goodman",
		"phone": "(606) 468-4138",
		"country": "Ireland",
		"postalZip": "248474",
		"numberrange": 6
	},
	{
		"name": "Imani Long",
		"phone": "(832) 828-0304",
		"country": "Peru",
		"postalZip": "32196",
		"numberrange": 10
	},
	{
		"name": "Rudyard Davis",
		"phone": "1-788-796-3101",
		"country": "Indonesia",
		"postalZip": "589536",
		"numberrange": 6
	},
	{
		"name": "Preston Benton",
		"phone": "(757) 426-2559",
		"country": "South Korea",
		"postalZip": "2484 MC",
		"numberrange": 1
	},
	{
		"name": "Veda Leonard",
		"phone": "1-394-569-6712",
		"country": "United Kingdom",
		"postalZip": "4418",
		"numberrange": 7
	},
	{
		"name": "Courtney Peck",
		"phone": "1-659-557-6631",
		"country": "United Kingdom",
		"postalZip": "01682",
		"numberrange": 5
	},
	{
		"name": "Beverly Faulkner",
		"phone": "1-737-673-4176",
		"country": "Italy",
		"postalZip": "50481",
		"numberrange": 1
	},
	{
		"name": "Aristotle Walsh",
		"phone": "1-644-246-5255",
		"country": "Vietnam",
		"postalZip": "28468",
		"numberrange": 8
	},
	{
		"name": "Hanae Garrett",
		"phone": "(811) 223-7188",
		"country": "Brazil",
		"postalZip": "640547",
		"numberrange": 2
	},
	{
		"name": "Vernon Mays",
		"phone": "1-905-246-5646",
		"country": "Turkey",
		"postalZip": "50007",
		"numberrange": 2
	},
	{
		"name": "Karly Parker",
		"phone": "(223) 568-5854",
		"country": "United Kingdom",
		"postalZip": "8391",
		"numberrange": 3
	},
	{
		"name": "Shoshana Joyce",
		"phone": "(343) 813-5778",
		"country": "Vietnam",
		"postalZip": "30811",
		"numberrange": 8
	},
	{
		"name": "Sharon Wade",
		"phone": "(327) 678-6376",
		"country": "Nigeria",
		"postalZip": "335545",
		"numberrange": 2
	},
	{
		"name": "Amanda Beard",
		"phone": "1-782-211-2818",
		"country": "South Korea",
		"postalZip": "71372",
		"numberrange": 9
	},
	{
		"name": "Cooper Allen",
		"phone": "(586) 482-0274",
		"country": "France",
		"postalZip": "6879",
		"numberrange": 7
	},
	{
		"name": "Desirae Vance",
		"phone": "(318) 228-7055",
		"country": "Russian Federation",
		"postalZip": "67171-104",
		"numberrange": 7
	},
	{
		"name": "Cooper Doyle",
		"phone": "1-625-445-4202",
		"country": "Colombia",
		"postalZip": "24260",
		"numberrange": 6
	},
	{
		"name": "Kibo Huff",
		"phone": "(268) 119-7676",
		"country": "Colombia",
		"postalZip": "542478",
		"numberrange": 5
	},
	{
		"name": "Sydnee Jacobson",
		"phone": "1-213-754-1574",
		"country": "France",
		"postalZip": "9151",
		"numberrange": 7
	},
	{
		"name": "Ocean Ball",
		"phone": "1-505-181-4563",
		"country": "Poland",
		"postalZip": "43609",
		"numberrange": 3
	},
	{
		"name": "Herman Cameron",
		"phone": "1-559-563-9437",
		"country": "France",
		"postalZip": "50607",
		"numberrange": 6
	},
	{
		"name": "Quon Buckley",
		"phone": "1-363-314-4175",
		"country": "Vietnam",
		"postalZip": "317535",
		"numberrange": 10
	},
	{
		"name": "Katell Taylor",
		"phone": "1-351-719-6351",
		"country": "United Kingdom",
		"postalZip": "382484",
		"numberrange": 4
	},
	{
		"name": "Elijah Reeves",
		"phone": "1-907-111-5426",
		"country": "Chile",
		"postalZip": "6915",
		"numberrange": 2
	},
	{
		"name": "Barclay Workman",
		"phone": "(430) 536-5985",
		"country": "Austria",
		"postalZip": "853448",
		"numberrange": 2
	},
	{
		"name": "Jarrod Kline",
		"phone": "(128) 557-7593",
		"country": "Italy",
		"postalZip": "1513",
		"numberrange": 5
	},
	{
		"name": "Dieter Daniel",
		"phone": "(256) 458-9311",
		"country": "South Korea",
		"postalZip": "32483",
		"numberrange": 1
	},
	{
		"name": "Abigail Torres",
		"phone": "(711) 670-8103",
		"country": "United States",
		"postalZip": "248106",
		"numberrange": 6
	},
	{
		"name": "Naida Garner",
		"phone": "1-636-272-4541",
		"country": "New Zealand",
		"postalZip": "7505 QO",
		"numberrange": 9
	},
	{
		"name": "Veronica David",
		"phone": "(332) 947-0260",
		"country": "Spain",
		"postalZip": "3366 VK",
		"numberrange": 2
	},
	{
		"name": "Tyrone Newman",
		"phone": "(977) 987-8317",
		"country": "Austria",
		"postalZip": "125553",
		"numberrange": 5
	},
	{
		"name": "Lee Randall",
		"phone": "(499) 441-7480",
		"country": "Belgium",
		"postalZip": "50717",
		"numberrange": 2
	},
	{
		"name": "Plato Sweet",
		"phone": "1-192-220-6656",
		"country": "Turkey",
		"postalZip": "41446",
		"numberrange": 6
	},
	{
		"name": "Bernard Greene",
		"phone": "(225) 118-5827",
		"country": "Colombia",
		"postalZip": "18502-144",
		"numberrange": 6
	},
	{
		"name": "Benjamin Pope",
		"phone": "1-756-966-2725",
		"country": "United Kingdom",
		"postalZip": "78017",
		"numberrange": 8
	},
	{
		"name": "Imani Grant",
		"phone": "(858) 385-3921",
		"country": "Russian Federation",
		"postalZip": "4518",
		"numberrange": 3
	},
	{
		"name": "Wing Abbott",
		"phone": "(848) 686-2054",
		"country": "Mexico",
		"postalZip": "04-401",
		"numberrange": 1
	},
	{
		"name": "Cameran Henson",
		"phone": "(297) 679-0262",
		"country": "India",
		"postalZip": "5641",
		"numberrange": 3
	},
	{
		"name": "Ferris Moreno",
		"phone": "1-814-210-0981",
		"country": "Belgium",
		"postalZip": "08827",
		"numberrange": 3
	},
	{
		"name": "Willa Cantrell",
		"phone": "(796) 857-8908",
		"country": "Indonesia",
		"postalZip": "872299",
		"numberrange": 6
	},
	{
		"name": "Philip Howard",
		"phone": "(127) 557-1481",
		"country": "Vietnam",
		"postalZip": "22826",
		"numberrange": 2
	},
	{
		"name": "Samuel Taylor",
		"phone": "(218) 768-3269",
		"country": "India",
		"postalZip": "50218",
		"numberrange": 1
	},
	{
		"name": "Hadassah Ware",
		"phone": "1-859-641-1136",
		"country": "Colombia",
		"postalZip": "347642",
		"numberrange": 4
	},
	{
		"name": "Justine Cooper",
		"phone": "(152) 713-4526",
		"country": "Peru",
		"postalZip": "675144",
		"numberrange": 7
	},
	{
		"name": "Gannon Strickland",
		"phone": "1-636-884-6436",
		"country": "Peru",
		"postalZip": "61984",
		"numberrange": 8
	},
	{
		"name": "Lucy Jennings",
		"phone": "(134) 561-1778",
		"country": "New Zealand",
		"postalZip": "43446",
		"numberrange": 5
	},
	{
		"name": "Daphne Carney",
		"phone": "(926) 688-4587",
		"country": "United Kingdom",
		"postalZip": "79188",
		"numberrange": 4
	},
	{
		"name": "Geoffrey Mack",
		"phone": "1-734-123-3287",
		"country": "Poland",
		"postalZip": "70252",
		"numberrange": 3
	},
	{
		"name": "Slade Noel",
		"phone": "(825) 797-2505",
		"country": "Turkey",
		"postalZip": "445845",
		"numberrange": 1
	},
	{
		"name": "Herman Knapp",
		"phone": "(632) 726-5399",
		"country": "United Kingdom",
		"postalZip": "784011",
		"numberrange": 10
	},
	{
		"name": "Blaze Rosa",
		"phone": "(655) 160-4636",
		"country": "Sweden",
		"postalZip": "671367",
		"numberrange": 3
	},
	{
		"name": "Judith O'donnell",
		"phone": "1-341-265-5707",
		"country": "Peru",
		"postalZip": "23633",
		"numberrange": 6
	},
	{
		"name": "Akeem Barry",
		"phone": "1-551-925-3389",
		"country": "Ireland",
		"postalZip": "36858",
		"numberrange": 7
	},
	{
		"name": "Joshua Downs",
		"phone": "(716) 437-1227",
		"country": "Austria",
		"postalZip": "61172",
		"numberrange": 8
	},
	{
		"name": "Ulla White",
		"phone": "1-647-758-5475",
		"country": "Chile",
		"postalZip": "14913",
		"numberrange": 2
	},
	{
		"name": "Ella Reid",
		"phone": "(533) 604-2882",
		"country": "Brazil",
		"postalZip": "334255",
		"numberrange": 6
	},
	{
		"name": "Honorato Holland",
		"phone": "1-568-838-6682",
		"country": "United Kingdom",
		"postalZip": "S0X 2B7",
		"numberrange": 7
	},
	{
		"name": "Madison Donaldson",
		"phone": "(548) 346-3274",
		"country": "India",
		"postalZip": "3835",
		"numberrange": 6
	},
	{
		"name": "Paula Cain",
		"phone": "1-961-839-9774",
		"country": "Canada",
		"postalZip": "11048",
		"numberrange": 8
	},
	{
		"name": "Whitney Brock",
		"phone": "1-424-561-7357",
		"country": "Canada",
		"postalZip": "41118",
		"numberrange": 5
	},
	{
		"name": "Nicole Craft",
		"phone": "1-833-613-3207",
		"country": "Poland",
		"postalZip": "03283",
		"numberrange": 1
	},
	{
		"name": "Ashton Dickerson",
		"phone": "1-151-568-7157",
		"country": "Colombia",
		"postalZip": "30-169",
		"numberrange": 2
	},
	{
		"name": "Raja Kinney",
		"phone": "1-554-625-1885",
		"country": "United Kingdom",
		"postalZip": "LM8 6LW",
		"numberrange": 2
	},
	{
		"name": "Janna Potter",
		"phone": "(384) 773-1446",
		"country": "Australia",
		"postalZip": "6750 ZX",
		"numberrange": 10
	},
	{
		"name": "Tatyana Boone",
		"phone": "(722) 284-7955",
		"country": "Netherlands",
		"postalZip": "97754",
		"numberrange": 0
	},
	{
		"name": "Avram Knight",
		"phone": "1-313-481-6415",
		"country": "Pakistan",
		"postalZip": "11-622",
		"numberrange": 4
	}
]